Workbook

Sheet Index
B1: ABC & Co. | H1: BS.06
B2: (Chartered Accountants)
B4: Client: | C4: ABC Limited | G4: Prepared by:
B5: Period: | C5: Year ended June 30, 2023 | G5: Date prepared:
B6: Head: | C6: Long term deposits | G6: Reviewed by:
G7: Date reviewed:
B8: INDEX
B10: Sr. # | C10: Description | E10: W.P. Ref. | G10: Whether Placed in File | H10: Initials of Reviewer
B12: 1 | C12: Audit Objectives and Conclusions | E12: =$H$1&" - "&B12 -> BS.06 - 1
B14: =B12+1 -> 2 | C14: Lead Schedule | E14: =$H$1&" - "&B14 -> BS.06 - 2
B16: =B14+1 -> 3 | C16: Sub-Lead Schedule | E16: =$H$1&" - "&B16 -> BS.06 - 3
B18: =B16+1 -> 4 | C18: Vouching - Additions | E18: =$H$1&" - "&B18 -> BS.06 - 4
B20: =B18+1 -> 5 | C20: Confirmation summary, reconciliation | E20: =$H$1&" - "&B20 -> BS.06 - 5
B22: =B20+1 -> 6 | C22: Copies of Documents/Summary | E22: =$H$1&" - "&B22 -> BS.06 - 6
B24: =B22+1 -> 7 | C24: Impairment Testing | E24: =$H$1&" - "&B24 -> BS.06 - 7
B26: =B24+1 -> 8 | C26: Adjusting Entries | E26: =$H$1&" - "&B26 -> BS.06 - 8

Sheet AOC
B1: =Index!$B$1 -> ABC & Co. | E1: =Index!E12 -> BS.06 - 1
B2: =Index!$B$2 -> (Chartered Accountants)
B4: =Index!B4 -> Client: | C4: =Index!C4 -> ABC Limited | D4: =Index!$G$4 -> Prepared by: | E4: =IF(Index!$H$4="","",Index!$H$4)
B5: =Index!B5 -> Period: | C5: =Index!C5 -> Year ended June 30, 2023 | D5: =Index!$G$5 -> Date prepared: | E5: =IF(Index!$H$5="","",Index!$H$5)
B6: =Index!B6 -> Head: | C6: =Index!C6 -> Long term deposits | D6: =Index!$G$6 -> Reviewed by: | E6: =IF(Index!$H$6="","",Index!$H$6)
D7: =Index!$G$7 -> Date reviewed: | E7: =IF(Index!$H$7="","",Index!$H$7)
B8: =UPPER("Audit Objectives and Conclusions") -> AUDIT OBJECTIVES AND CONCLUSIONS
B10: Sr. # | C10: Audit Objectives | D10: Objective Met
D11: Yes/No | E11: Initials
B13: 1 | C13: Long term deposits and prepayments are completely and accurately recorded
B14: =B13+1 -> 2 | C14: All recorded long term deposits and prepayments actually exist
B15: =B14+1 -> 3 | C15: Long-term deposits and prepayments are recorded at appropriate values and all bad and doubtful balances have been provided for/ written off
B16: =B15+1 -> 4 | C16: Long-term deposits and prepayments recorded are the right of the company
B17: =B16+1 -> 5 | C17: Long-term deposits and prepayments are presented and all disclosures have been given in accordance with the Fourth / Fifth Schedule of the Companies Act, 2017 and relevant IASs
B20: Sr. # | C20: Conclusion | D20: Satisfactory
D21: Yes/No | E21: Initials
B23: 1 | C23: The audit has been completed in accordance with Audit program.
B24: =B23+1 -> 2 | C24: The working papers demonstrate that adequate work has been undertaken.
B25: =B24+1 -> 3 | C25: The working papers contain sufficient information, details of significant features and notes of unusual matters to enable us to form an opinion on financial statements.
B26: =B25+1 -> 4 | C26: In my opinion above amounts are fairly stated and on a consistent basis with the previous period.

Sheet SubLead
B1: =Index!B1 -> ABC & Co. | K1: =Index!E16 -> BS.06 - 3
B2: =Index!B2 -> (Chartered Accountants)
B4: Client: | C4: =Index!C4 -> ABC Limited | J4: =Index!$G$4 -> Prepared by: | K4: =IF(Index!$H$4="","",Index!$H$4)
B5: Period: | C5: =Index!C5 -> Year ended June 30, 2023 | J5: =Index!$G$5 -> Date prepared: | K5: =IF(Index!$H$5="","",Index!$H$5)
B6: Head: | C6: =Index!C6 -> Long term deposits | J6: =Index!$G$6 -> Reviewed by: | K6: =IF(Index!$H$6="","",Index!$H$6)
J7: =Index!$G$7 -> Date reviewed: | K7: =IF(Index!$H$7="","",Index!$H$7)
B8: SUB-LEAD SCHEDULE
B9: Work performed
B10: For deposits made during the year check disbursements of funds with disbursement voucher and bank statement
B11: For a sample of refund of deposits during the year:
B12: (a) Ensured that amount and date of refund was in accordance with agreement.
B13: (b) Checked receipt of funds with receipt records and bank statement
B14: Match replies with the amounts outstanding against each party
B15: Check subsequent recovery of deposits
B16: For prepayments made during the year check disbursements of funds with disbursement voucher and bank statement
B17: Check subsequent adjustment of prepayments etc.
B27: Check subsequent adjustment of prepayments etc.
B29: Observations
... B33: Satisfactory
B35: Description | E35: W.P. Ref. | G35: =Lead!G31 -> 2022 | H35: =Lead!H31 -> 2021 | I35: Variance | J35: Variance | K35: Reason for Variance
G36: Rupees | H36: Rupees | I36: Rupees | J36: %
B38: =Lead!B35 -> Long term deposits
B39: Opening balance | I39: =G39-H39 -> 0 | J39: =IFERROR(I39/H39,"")
B40: Add: Deposits made in the year | I40: =G40-H40 -> 0 | J40: =IFERROR(I40/H40,"")
B41: Less: Deposits matured / transferred | I41: =G41-H41 -> 0 | J41: =IFERROR(I41/H41,"")
B42: Closing balance | I42: =G42-H42 -> 0 | J42: =IFERROR(I42/H42,"")
J43: =IFERROR(I43/H43,"")
B44: =Lead!B36 -> Long term prepayments | J44: =IFERROR(I44/H44,"")
B45: Opening balance | I45: =G45-H45 -> 0 | J45: =IFERROR(I45/H45,"")
B46: Add: Prepayments made in the year | I46: =G46-H46 -> 0 | J46: =IFERROR(I46/H46,"")
B47: Less: Prepayments matured / transferred | I47: =G47-H47 -> 0 | J47: =IFERROR(I47/H47,"")
B48: Closing balance | I48: =G48-H48 -> 0 | J48: =IFERROR(I48/H48,"")
J49: =IFERROR(I49/H49,"")
B50: Total closing balance | G50: =G48+G42 -> 0 | H50: =H48+H42 -> 0 | I50: =I48+I42 -> 0 | J50: =IFERROR(I50/H50,"")

Sheet Lead
B1: =Index!$B$1 -> ABC & Co. | K1: =Index!E14 -> BS.06 - 2
B2: =Index!$B$2 -> (Chartered Accountants)
B4: Client: | C4: =Index!$C$4 -> ABC Limited | J4: =Index!$G$4 -> Prepared by: | K4: =IF(Index!$H$4="","",Index!$H$4)
B5: Period: | C5: =Index!$C$5 -> Year ended June 30, 2023 | J5: =Index!$G$5 -> Date prepared: | K5: =IF(Index!$H$5="","",Index!$H$5)
B6: Head: | C6: =Index!$C$6 -> Long term deposits | J6: =Index!$G$6 -> Reviewed by: | K6: =IF(Index!$H$6="","",Index!$H$6)
J7: =Index!$G$7 -> Date reviewed: | K7: =IF(Index!$H$7="","",Index!$H$7)
B8: LEAD SCHEDULE
B9: Work performed
B10: Analytical Procedures:
B11: Compared current year balances with last year balances and ensured that any significant variation has been properly and logically reasoned.
B13: Test of Details
B14: Obtained a party-wise movement schedule of deposits and prepayments and trace the opening balances from the general ledger and last year working papers.
B15: Performed casting and cross casting of the schedule.
B16: Circularized confirmations to selected parties.
B17: Matched replies with the amounts outstanding against each party.
B18: Checked subsequent recovery of deposits and adjustment of prepayments etc.
B19: For items stuck-up for considerable period of time, inquired about its status from the management.
B20: Computed provisions where required and asked for management representations.
... B28: Satisfactory
B31: Description | E31: W.P. Ref. | G31: 2022 | H31: 2021 | I31: Variance | J31: Variance | K31: Reason for Variance
G32: Rupees | H32: Rupees | I32: Rupees | J32: %
B34: =C6 -> Long term deposits
B35: Long term deposits | I35: =G35-H35 -> 0 | J35: =IFERROR(I35/H35," ")
B36: Long term prepayments | I36: =G36-H36 -> 0 | J36: =IFERROR(I36/H36," ")
B46: T O T A L | G46: =SUM(G33:G45) -> 0 | H46: =SUM(H33:H44) -> 0 | I46: =SUM(I33:I44) -> 0

Sheet Vouching-Additions
B1: =Index!B1 -> ABC & Co. | I1: =Index!E18 -> BS.06 - 4
B2: =Index!B2 -> (Chartered Accountants)
B4: Client: | C4: =Index!C4 -> ABC Limited | H4: =Index!$G$4 -> Prepared by: | I4: =IF(Index!$H$4="","",Index!$H$4)
B5: Period: | C5: =Index!C5 -> Year ended June 30, 2023 | H5: =Index!$G$5 -> Date prepared: | I5: =IF(Index!$H$5="","",Index!$H$5)
B6: Head: | C6: =Index!C6 -> Long term deposits | H6: =Index!$G$6 -> Reviewed by: | I6: =IF(Index!$H$6="","",Index!$H$6)
B7: Subhead: | H7: =Index!$G$7 -> Date reviewed: | I7: =IF(Index!$H$7="","",Index!$H$7)
B8: VOUCHING - ADDITIONS
B9: Work performed
B11: Date | C11: Voucher # | D11: Description | E11: Approved By | F11: Cheque # | G11: Amount | H11: Traced into Bank Statement | I11: Proper Classification

Sheet Impairnment
B1: =Index!B1 -> ABC & Co. | I1: =Index!E24 -> BS.06 - 7
B2: =Index!B2 -> (Chartered Accountants)
B4: Client: | C4: =Index!C4 -> ABC Limited | H4: =Index!$G$4 -> Prepared by: | I4: =IF(Index!$H$4="","",Index!$H$4)
B5: Period: | C5: =Index!C5 -> Year ended June 30, 2023 | H5: =Index!$G$5 -> Date prepared: | I5: =IF(Index!$H$5="","",Index!$H$5)
B6: Head: | C6: =Index!C6 -> Long term deposits | H6: =Index!$G$6 -> Reviewed by: | I6: =IF(Index!$H$6="","",Index!$H$6)
H7: =Index!$G$7 -> Date reviewed: | I7: =IF(Index!$H$7="","",Index!$H$7)
B8: IMPAIRNMENT TESTING
B9: Work performed
B10: Obtained age-analysis of long-term deposits and performed the following:
B11: (a) Verify that deposits had been classified in correct categories.
B12: (b) Current maturity had been appropriately identified and separately disclosed
B13: Ensured that none of the deposits or prepayments are impaired or the recoverable amount of same is not less than its carrying amount.
B14: If the carrying amount of a deposits or prepayments is more than its recoverable amount, then same should be reduced to recoverable amount.
B15: The reduction is recognized as impairment loss.
B17: Observations
B18: None.
B20: Conclusion
B21: Satisfactory
B23: Description | D23: Amount | E23: Ageing | I23: Subsequent Position
E24: 0 - 1 year | F24: 1 - 2 year | G24: 2 - 3 years | H24: More than 3 years

Sheet Adjusting Entries
B1: =Index!B1 -> ABC & Co. | E1: =Index!E26 -> BS.06 - 8
B2: =Index!B2 -> (Chartered Accountants)
B4: =Index!B4 -> Client: | C4: =Index!C4 -> ABC Limited | D4: =Index!$G$4 -> Prepared by: | E4: =IF(Index!$H$4="","",Index!$H$4)
B5: =Index!B5 -> Period: | C5: =Index!C5 -> Year ended June 30, 2023 | D5: =Index!$G$5 -> Date prepared: | E5: =IF(Index!$H$5="","",Index!$H$5)
B6: =Index!B6 -> Head: | C6: =Index!C6 -> Long term deposits | D6: =Index!$G$6 -> Reviewed by: | E6: =IF(Index!$H$6="","",Index!$H$6)
D7: =Index!$G$7 -> Date reviewed: | E7: =IF(Index!$H$7="","",Index!$H$7)
B8: ADJUSTING ENTRIES
B10: Sr. # | C10: Entry Proposed | D10: Amount
D11: Debit | E11: Credit
